id_emplacement,cd_postal,lb_ville
0,77320,La Ferté-Gaucher 
1,78000,Versailles 
2,93270,Sevran 
3,92370,Chaville 
4,78140,Vélizy-Villacoublay 
5,92160,Antony 
6,77510,Villeneuve-sur-Bellot 
7,78150,Le Chesnay 
8,92400,Courbevoie 
9,95270,Bellefontaine 
10,77650,Sainte-Colombe 
11,92170,Vanves 
12,78910,Osmoy 
13,91630,Marolles-en-Hurepoix 
14,92130,Issy-les-Moulineaux 
15,95620,Parmain 
16,95590,Presles 
17,77460,Souppes-sur-Loing 
18,92330,Sceaux 
19,75015,Paris
20,77500,Chelles 
21,93140,Bondy 
22,91280,Saint-Pierre-du-Perray 
23,95100,Argenteuil 
24,78100,Saint-Germain-en-Laye 
25,93260,Les Lilas 
26,92100,Boulogne-Billancourt 
27,91660,Méréville 
28,75018,Paris
29,92800,Puteaux 
30,75010,Paris
31,78114,Magny-les-Hameaux 
32,77640,Jouarre 
33,77600,Bussy-Saint-Georges 
34,91300,Massy 
35,95780,La Roche-Guyon 
36,95640,Marines 
37,95750,Chars 
38,75020,Paris
39,75019,Paris
40,77410,Fresnes-sur-Marne 
41,77400,Lagny-sur-Marne 
42,93100,Montreuil 
43,77260,La Ferté-sous-Jouarre 
44,94120,Fontenay-sous-Bois 
45,93170,Bagnolet 
46,75008,Paris
47,75017,Paris
48,75016,Paris
49,92200,Neuilly-sur-Seine 
50,94490,Ormesson-sur-Marne 
51,93230,Romainville 
52,91380,Chilly-Mazarin 
53,91160,Longjumeau 
54,92500,Rueil-Malmaison 
55,91120,Palaiseau 
56,78300,Poissy 
57,94140,Alfortville 
58,75013,Paris
59,94130,Nogent-sur-Marne 
60,91580,Étréchy 
61,91150,Morigny-Champigny 
62,91150,Étampes 
63,94400,Vitry-sur-Seine 
64,91210,Draveil 
65,75011,Paris
66,77630,Barbizon 
67,91490,Milly-la-Forêt 
68,77930,Perthes 
69,77930,Cély 
70,91400,Orsay 
71,77000,Melun 
72,77610,Fontenay-Trésigny 
73,77100,Meaux 
74,77700,Serris 
75,95430,Auvers-sur-Oise 
76,95000,Cergy 
77,95800,Courdimanche 
78,92000,Nanterre 
79,95810,Grisy-les-Plâtres 
80,91250,Saintry-sur-Seine 
81,91290,Arpajon 
82,95490,Vauréal 
83,92300,Levallois-Perret 
84,91160,Ballainvilliers 
85,78260,Achères 
86,78660,Prunay-en-Yvelines 
87,93320,Les Pavillons-sous-Bois 
88,94200,Ivry-sur-Seine 
89,92110,Clichy 
90,78120,Rambouillet 
91,78711,Mantes-la-Ville 
92,78710,Rosny-sur-Seine 
93,75014,Paris
94,94550,Chevilly-Larue 
95,92250,La Garenne-Colombes 
96,93000,Bobigny 
97,95650,Génicourt 
98,91530,Saint-Chéron 
99,78550,Houdan 
100,91410,Dourdan 
101,95800,Cergy 
102,92240,Malakoff 
103,94360,Bry-sur-Marne 
104,78610,Le Perray-en-Yvelines 
105,92700,Colombes 
106,95560,Baillet-en-France 
107,93300,Aubervilliers 
108,78420,Carrières-sur-Seine 
109,93500,Pantin 
110,95880,Enghien-les-Bains 
111,95360,Montmagny 
112,78490,Montfort-l'Amaury 
113,91800,Boussy-Saint-Antoine 
114,77380,Combs-la-Ville 
115,91100,Corbeil-Essonnes 
116,77750,Saint-Ouen-sur-Morin 
117,91430,Vauhallan 
118,77270,Villeparisis 
119,94170,Le Perreux-sur-Marne 
120,77515,Pommeuse 
121,93390,Clichy-sous-Bois 
122,93700,Drancy 
123,94520,Mandres-les-Roses 
124,95290,L'Isle-Adam 
125,92140,Clamart 
126,92190,Meudon 
127,94210,La Varenne St Hilaire 
128,77310,Boissise-le-Roi 
129,94440,Villecresnes 
130,77120,Saints 
131,77330,Ozoir-la-Ferrière 
132,77130,Cannes-Écluse 
133,91940,Les Ulis 
134,95150,Taverny 
135,95350,Saint-Brice-sous-Forêt 
136,91130,Ris-Orangis 
137,91700,Sainte-Geneviève-des-Bois 
138,95230,Soisy-sous-Montmorency 
139,77440,Congis-sur-Thérouanne 
140,95460,Ézanville 
141,94510,La Queue-en-Brie 
142,77340,Pontault-Combault 
143,94100,Saint-Maur-des-Fossés 
144,78290,Croissy-sur-Seine 
145,77860,Quincy-Voisins 
146,77127,Lieusaint 
147,78180,Montigny-le-Bretonneux 
148,91850,Bouray-sur-Juine 
149,93190,Livry-Gargan 
150,91180,Saint-Germain-lès-Arpajon 
151,77124,Penchard 
152,94480,Ablon-sur-Seine 
153,78780,Maurecourt 
154,94800,Villejuif 
155,77410,Claye-Souilly 
156,95440,Écouen 
157,77000,Vaux-le-Pénil 
158,77450,Esbly 
159,95300,Pontoise 
160,78620,L'Étang-la-Ville 
161,94300,Vincennes 
162,94470,Boissy-Saint-Léger 
163,77260,Ussy-sur-Marne 
164,91310,Longpont-sur-Orge 
165,91400,Saclay 
166,77810,Thomery 
167,77400,Gouvernes 
168,94000,Créteil 
169,78570,Andrésy 
170,95120,Ermont 
171,94110,Arcueil 
172,75005,Paris
173,78650,Beynes 
174,91170,Viry-Châtillon 
175,95720,Le Mesnil-Aubry 
176,95610,Éragny 
177,78590,Noisy-le-Roi 
178,91450,Étiolles 
179,91540,Mennecy 
180,91220,Brétigny-sur-Orge 
181,78460,Chevreuse 
182,94350,Villiers-sur-Marne 
183,77200,Torcy 
184,95260,Beaumont-sur-Oise 
185,91370,Verrières-le-Buisson 
186,78950,Gambais 
187,92320,Châtillon 
188,77100,Mareuil-lès-Meaux 
189,92290,Châtenay-Malabry 
190,91200,Athis-Mons 
191,92150,Suresnes 
192,77700,Coupvray 
193,91700,Fleury-Mérogis 
194,91780,Chalo-Saint-Mars 
195,92120,Montrouge 
196,78410,Nézel 
197,78130,Les Mureaux 
198,78510,Triel-sur-Seine 
199,92600,Asnières-sur-Seine 
200,78580,Maule 
201,77130,Montereau-Fault-Yonne 
202,77163,Mortcerf 
203,77150,Lésigny 
204,77350,Le Mée-sur-Seine 
205,91720,Valpuiseaux 
206,93200,Saint-Denis 
207,77163,Dammartin-sur-Tigeaux 
208,78410,Flins-sur-Seine 
209,93600,Aulnay-sous-Bois 
210,78250,Oinville-sur-Montcient 
211,77660,Changis-sur-Marne 
212,95500,Gonesse 
213,94700,Maisons-Alfort 
214,95330,Domont 
215,77390,Champdeuil 
216,77190,Dammarie-les-Lys 
217,77000,La Rochette 
218,94160,Saint-Mandé 
219,77720,Mormant 
220,78760,Jouars-Pontchartrain 
221,78160,Marly-le-Roi 
222,77420,Champs-sur-Marne 
223,91360,Épinay-sur-Orge 
224,93800,Épinay-sur-Seine 
225,91520,Égly 
226,91450,Soisy-sur-Seine 
227,92210,Saint-Cloud 
228,95210,Saint-Gratien 
229,78540,Marsinval 
230,91310,Montlhéry 
231,78250,Meulan 
232,77515,Faremoutiers 
233,77580,Crécy-la-Chapelle 
234,95570,Moisselles 
235,94320,Thiais 
236,78170,La Celle-Saint-Cloud 
237,77250,Moret-sur-Loing 
238,95520,Osny 
239,92350,Le Plessis-Robinson 
240,78330,Fontenay-le-Fleury 
241,75001,Paris
242,93150,Le Blanc-Mesnil 
243,93400,Saint-Ouen 
244,78500,Sartrouville 
245,78680,Épône 
246,78440,Montalet-le-Bois 
247,95600,Eaubonne 
248,95390,Saint-Prix 
249,95420,Magny-en-Vexin 
250,78920,Ecquevilly 
251,95320,Saint-Leu-la-Forêt 
252,77140,Nemours 
253,77400,Dampmart 
254,94270,Le Kremlin-Bicêtre 
255,78270,Bennecourt 
256,91070,Bondoufle 
257,77,hondevilliers 
258,78550,Bazainville 
259,91100,Villabé 
260,77620,Égreville 
261,77120,Coulommiers 
262,77910,Germigny-l'Évêque 
263,91420,Morangis 
264,91630,Cheptainville 
265,77650,Longueville 
266,77181,Le Pin 
267,78790,Septeuil 
268,91220,Le Plessis-Pâté 
269,77118,Bazoches-lès-Bray 
270,93240,Stains 
271,91670,Angerville 
272,78440,Jambville 
273,78380,Bougival 
274,91600,Savigny-sur-Orge 
275,78640,Neauphle-le-Château 
276,77124,Villenoy 
277,94290,Villeneuve-le-Roi 
278,93420,Villepinte 
279,75116,Paris 
280,77990,Le Mesnil-Amelot 
281,77650,Saint-Loup-de-Naud 
282,95180,Menucourt 
283,75002,Paris
284,77440,Lizy-sur-Ourcq 
285,92230,Gennevilliers 
286,93130,Noisy-le-Sec 
287,77210,Avon 
288,95220,Herblay 
289,78190,Trappes 
290,78550,Richebourg 
291,91590,Cerny 
292,77100,Nanteuil-lès-Meaux 
293,77300,Fontainebleau 
294,77710,Treuzy-Levelay 
295,92270,Bois-Colombes 
296,75004,Paris
297,77690,Montigny-sur-Loing 
298,77710,Lorrez-le-Bocage-Préaux 
299,94440,Marolles-en-Brie 
300,91590,La Ferté-Alais 
301,91590,D'Huison-Longueville 
302,77760,Nanteau-sur-Essonne 
303,77181,Courtry 
304,94240,L'Haÿ-les-Roses 
305,95170,Deuil-la-Barre 
306,75006,Paris
307,93360,Neuilly-Plaisance 
308,94430,Chennevières-sur-Marne 
309,92220,Bagneux 
310,93160,Noisy-le-Grand 
311,91720,Maisse 
312,91,MAISSE 
313,91,MILLY LA FORET 
314,91820,Boutigny-sur-Essonne 
315,95130,Franconville 
316,91840,Soisy-sur-École 
317,91720,Gironville-sur-Essonne 
318,77123,Noisy-sur-École 
319,77130,Marolles-sur-Seine 
320,94,Chevilly Larue 
321,77,Seine Port 
322,77240,Seine-Port 
323,94,Arcueil 
324,77164,Ferrières-en-Brie 
325,94230,Cachan 
326,78270,Chaufour-lès-Bonnières 
327,91760,Itteville 
328,78910,Orgerus 
329,78790,Arnouville-lès-Mantes 
330,78980,Bréval 
331,75012,Paris
332,91410,La Forêt-le-Roi 
333,78770,Thoiry 
334,94500,Champigny-sur-Marne 
335,95260,Mours 
336,95340,Persan 
337,95820,Bruyères-sur-Oise 
338,95340,Bernes-sur-Oise 
339,75,Paris 
340,78700,Conflans-Sainte-Honorine 
341,92,Saint-Cloud 
342,75003,Paris
343,94,Villiers-sur-Marne 
344,93,Aubervilliers 
345,92430,Marnes-la-Coquette 
346,78560,Le Port-Marly 
347,95760,Valmondois 
348,95690,Nesles-la-Vallée 
349,95270,Luzarches 
350,78990,Élancourt 
351,78310,Maurepas 
352,78125,Orphin 
353,78660,Ablis 
354,91330,Yerres 
355,93110,Rosny-sous-Bois 
356,77320,Beton-Bazoches 
357,77144,Montévrain 
358,77700,Chessy 
359,91240,Saint-Michel-sur-Orge 
360,91190,Gif-sur-Yvette 
361,91510,Lardy 
362,91160,Saulx-les-Chartreux 
363,77173,Chevry-Cossigny 
364,77750,Bassevelle 
365,95480,Pierrelaye 
366,95280,Jouy-le-Moutier 
367,77680,Roissy-en-Brie 
368,78220,Viroflay 
369,91480,Quincy-sous-Sénart 
370,77710,Nanteau-sur-Lunain 
371,77370,Nangis 
372,78200,Mantes-la-Jolie 
373,94190,Villeneuve-Saint-Georges 
374,91530,Sermaise 
375,95250,Beauchamp 
376,78430,Louveciennes 
377,95670,Marly-la-Ville 
378,77169,Chauffry 
379,92360,Meudon La Foret 
380,91460,Marcoussis 
381,94600,Choisy-le-Roi 
382,95550,Bessancourt 
383,95190,Fontenay-en-Parisis 
384,77480,Bray-sur-Seine 
385,94450,Limeil-Brévannes 
386,95110,Sannois 
387,77240,Vert-Saint-Denis 
388,77124,Crégy-lès-Meaux 
389,95160,Montmorency 
390,75007,Paris
391,93330,Neuilly-sur-Marne 
392,91260,Juvisy-sur-Orge 
393,78540,Vernouillet 
394,78740,Vaux-sur-Seine 
395,77760,Larchant 
396,91410,Richarville 
397,78370,Plaisir 
398,78690,Les Essarts-le-Roi 
399,77360,Vaires-sur-Marne 
400,77210,Samoreau 
401,95400,Arnouville-lès-Gonesse 
402,77620,Bransles 
403,94340,Joinville-le-Pont 
404,95380,Villeron 
405,93290,Tremblay-en-France 
406,95400,Villiers-le-Bel 
407,77240,Cesson 
408,77390,Guignes 
409,91590,Boissy-le-Cutté 
410,77120,Chailly-en-Brie 
411,78410,Aubergenville 
412,92310,Sèvres 
413,95870,Bezons 
414,91390,Morsang-sur-Orge 
415,91080,Courcouronnes 
416,92380,Garches 
417,93470,Coubron 
418,77510,Hondevilliers 
419,77460,Chaintreaux 
420,78440,Sailly 
421,77176,Savigny-le-Temple 
422,95640,Santeuil 
423,95430,Butry-sur-Oise 
424,77730,Nanteuil-sur-Marne 
425,95380,Puiseux-en-France 
426,95380,Louvres 
427,77,la ferte sous jouarre 
428,77570,Château-Landon 
429,93120,La Courneuve 
430,77,villeneuve sur bellot 
431,78600,Maisons-Laffitte 
432,77220,Favières 
433,94440,Santeny 
434,95420,Genainville 
435,78810,Feucherolles 
436,77520,Donnemarie-Dontilly 
437,95130,Le Plessis-Bouchard 
438,95560,Montsoult 
439,95560,Maffliers 
440,95270,Belloy-en-France 
441,78955,Carrières-sous-Poissy 
442,91090,Lisses 
443,77140,Montcourt-Fromonville 
444,92340,Bourg-la-Reine 
445,77160,Provins 
446,78210,Saint-Cyr-l'École 
447,78520,Follainville-Dennemont 
448,78230,Le Pecq 
449,95,ARGENTEUIL 
450,95810,Vallangoujard 
451,78520,Guernes 
452,94310,Orly 
453,94370,Sucy-en-Brie 
454,78730,Saint-Arnoult-en-Yvelines 
455,77370,Rampillon 
456,94520,Périgny 
457,91290,La Norville 
458,91000,Évry 
459,77170,Brie-Comte-Robert 
460,77470,Boutigny 
461,78490,Boissy-sans-Avoir 
462,78200,Fontenay-Mauvoisin 
463,77120,Mouroux 
464,77560,Villiers-Saint-Georges 
465,78800,Houilles 
466,91410,Corbreuse 
467,77130,Saint-Germain-Laval 
468,95200,Sarcelles 
469,77510,Saint-Denis-lès-Rebais 
470,77515,La Celle-sur-Morin 
471,91270,Vigneux-sur-Seine 
472,77130,La Grande-Paroisse 
473,95270,Viarmes 
474,78320,Le Mesnil-Saint-Denis 
475,78400,Chatou 
476,77830,Échouboulains 
477,77910,Varreddes 
478,77820,Le Châtelet-en-Brie 
479,77700,Bailly-Romainvilliers 
480,77430,Champagne-sur-Seine 
481,93220,Gagny 
482,93250,Villemomble 
483,77600,Guermantes 
484,92260,Fontenay-aux-Roses 
485,77400,Thorigny-sur-Marne 
486,77230,Longperrier 
487,91800,Brunoy 
488,94260,Fresnes 
489,77750,Saint-Cyr-sur-Morin 
490,94380,Bonneuil-sur-Marne 
491,77138,Luzancy 
492,77230,Dammartin-en-Goële 
493,77140,Nonville 
494,78630,Orgeval 
495,75009,Paris
496,78280,Guyancourt 
497,91320,Wissous 
498,91530,Le Val-Saint-Germain 
499,77144,Chalifert 
500,91140,Villebon-sur-Yvette 
501,77480,Saint-Sauveur-lès-Bray 
502,93370,Montfermeil 
503,92420,Vaucresson 
504,78470,Saint-Rémy-lès-Chevreuse 
505,91190,Villiers-le-Bâcle 
506,77220,Tournan-en-Brie 
507,77700,Magny-le-Hongre 
508,95650,Boissy-l'Aillerie 
509,95510,Vétheuil 
510,95590,Nointel 
511,95370,Montigny-lès-Cormeilles 
512,77290,Mitry-Mory 
513,77550,Moissy-Cramayel 
514,78250,Hardricourt 
515,77600,Chanteloup-en-Brie 
516,78930,Guerville 
517,78610,Saint-Léger-en-Yvelines 
518,77540,Lumigny-Nesles-Ormeaux 
519,77410,Annet-sur-Marne 
520,95540,Méry-sur-Oise 
521,78530,Buc 
522,78550,Maulette 
523,78270,Bonnières-sur-Seine 
524,93210,La Plaine St Denis 
525,78450,Villepreux 
526,78520,Limay 
527,91470,Forges-les-Bains 
528,91250,Saint-Germain-lès-Corbeil 
529,77178,Saint-Pathus 
530,78580,Les Alluets-le-Roi 
531,92410,Ville-d'Avray 
532,77710,Villebéon 
533,77174,Villeneuve-le-Comte 
534,77510,Rebais 
535,93340,Le Raincy 
536,78840,Freneuse 
537,78340,Les Clayes-sous-Bois 
538,78480,Verneuil-sur-Seine 
539,94420,Le Plessis-Trévise 
540,94150,Rungis 
541,77184,Émerainville 
542,78113,Condé-sur-Vesgre 
543,91620,La Ville-du-Bois 
544,77515,Saint-Augustin 
545,77,jouarre 
546,77130,Dormelles 
547,77670,Saint-Mammès 
548,78550,Gressey 
549,77154,Villeneuve-les-Bordes 
550,77570,Bougligny 
551,78730,Sainte-Mesme 
552,95500,Le Thillay 
553,77450,Condé-Sainte-Libiaire 
554,95470,Survilliers 
555,91310,Linas 
556,77970,Pécy 
557,78980,Le Tertre-Saint-Denis 
558,77390,Chaumes-en-Brie 
559,77140,Darvault 
560,95270,Seugy 
561,77250,Veneux-les-Sablons 
562,91780,Mérobert 
563,77310,Saint-Fargeau-Ponthierry 
564,77320,Montolivet 
565,91700,Villiers-sur-Orge 
566,77580,Guérard 
567,95240,Cormeilles-en-Parisis 
568,95310,Saint-Ouen-l'Aumône 
569,77140,Saint-Pierre-lès-Nemours 
570,93310,Le Pré-Saint-Gervais 
571,77166,Grisy-Suisnes 
572,91650,Breuillet 
573,78360,Montesson 
574,78970,Mézières-sur-Seine 
575,78790,Courgent 
576,77470,Trilport 
577,91860,Épinay-sous-Sénart 
578,91480,Varennes-Jarcy 
579,95140,Garges-lès-Gonesse 
580,77400,Saint-Thibault-des-Vignes 
581,95660,Champagne-sur-Oise 
582,95470,Saint-Witz 
583,78980,Longnes 
584,94220,Charenton-le-Pont 
585,77230,Saint-Mard 
586,78112,Fourqueux 
587,95470,Fosses 
588,91360,Villemoisson-sur-Orge 
589,77840,Crouy-sur-Ourcq 
590,77,MELUN 
591,77122,Monthyon 
592,77510,Verdelot 
593,95190,Goussainville 
594,78440,Porcheville 
595,91430,Igny 
596,78390,Bois-d'Arcy 
597,77450,Montry 
598,77220,Liverdy-en-Brie 
599,78440,Fontenay-Saint-Père 
600,95410,Groslay 
601,91310,Leuville-sur-Orge 
602,95850,Mareil-en-France 
603,77410,Villeroy 
604,77970,Jouy-le-Châtel 
605,77126,Châtenay-sur-Seine 
606,77176,Nandy 
607,78830,Bullion 
608,94460,Valenton 
609,77410,Charny 
610,91710,Vert-le-Petit 
611,77250,Villemer 
612,77185,Lognes 
613,77186,Noisiel 
614,77,juilly 
615,77320,Saint-Rémy-la-Vanne 
616,77830,Pamfou 
617,92,chatillon 
618,92,sceaux 
619,95510,Saint-Cyr-en-Arthies 
620,77320,Meilleray 
621,91230,Montgeron 
622,77760,Chevrainvilliers 
623,91140,Villejust 
624,78240,Chambourcy 
625,77165,Iverny 
626,77169,Boissy-le-Châtel 
627,91630,Leudeville 
628,91340,Ollainville 
629,77390,Argentières 
630,78720,Cernay-la-Ville 
631,94880,Noiseau 
632,77230,Villeneuve-sous-Dammartin 
633,77170,Servon 
634,78440,Guitrancourt 
635,77540,Courpalay 
636,77350,Boissettes 
637,78570,Chanteloup-les-Vignes 
638,91560,Crosne 
639,78270,Limetz-Villez 
640,93450,L'Île-Saint-Denis 
641,91150,Ormoy-la-Rivière 
642,78121,Crespières 
643,91750,Champcueil 
644,78120,Sonchamp 
645,77260,Sammeron 
646,77540,Le Plessis-Feu-Aussoux 
647,78200,Jouy-Mauvoisin 
648,94410,Saint-Maurice 
649,95300,Hérouville 
650,91150,Mespuits 
651,77111,Solers 
652,95690,Labbeville 
653,78670,Villennes-sur-Seine 
654,77250,Villecerf 
655,91350,Grigny 
656,93,drancy 
657,95450,Avernes 
658,77410,Villevaudé 
659,95630,Mériel 
660,77670,Vernou-la-Celle-sur-Seine 
661,77400,Pomponne 
662,78126,Aulnay-sur-Mauldre 
663,91490,Dannemois 
664,91440,Bures-sur-Yvette 
665,78670,Médan 
666,77860,Saint-Germain-sur-Morin 
667,95810,Épiais-Rhus 
668,77166,Évry-Grégy-sur-Yerre 
669,77850,Héricy 
670,77480,Fontaine-Fourches 
671,77220,Gretz-Armainvilliers 
672,93,epinay sur seine 
673,95450,Condécourt 
674,78200,Soindres 
675,77710,Paley 
676,77610,Marles-en-Brie 
677,77970,Bannost-Villegagnon 
678,77230,Moussy-le-Neuf 
679,78630,Morainvilliers 
680,95530,La Frette-sur-Seine 
681,77660,Saint-Jean-les-Deux-Jumeaux 
682,78200,Magnanville 
683,78440,Gargenville 
684,77590,Bois-le-Roi 
685,77890,Beaumont-du-Gâtinais 
686,77134,Les Ormes-sur-Voulzie 
687,93380,Pierrefitte-sur-Seine 
688,78930,Goussonville 
689,95830,Cormeilles-en-Vexin 
690,77590,Chartrettes 
691,95470,Vémars 
692,78350,Jouy-en-Josas 
693,78200,Perdreauville 
694,92390,Villeneuve-la-Garenne 
695,77560,Champcenest 
696,91250,Morsang-sur-Seine 
697,95570,Bouffémont 
698,78111,Dammartin-en-Serve 
699,77540,Rozay-en-Brie 
700,77940,Voulx 
701,78490,Vicq 
702,77860,Couilly-Pont-aux-Dames 
703,77135,Pontcarré 
704,77165,Saint-Soupplets 
705,77780,Bourron-Marlotte 
706,91830,Le Coudray-Montceaux 
707,91940,Gometz-le-Châtel 
708,95680,Montlignon 
709,95300,Ennery 
710,78720,Senlisse 
711,95810,Berville 
712,91470,Boullay-les-Troux 
713,77920,Samois-sur-Seine 
714,91830,Auvernaux 
715,77440,Armentières-en-Brie 
716,95000,Boisemont 
717,77183,Croissy-Beaubourg 
718,77450,Isles-lès-Villenoy 
719,78820,Juziers 
720,78580,Bazemont 
721,77510,Sablonnières 
722,78790,Hargeville 
723,77760,Recloses 
724,77390,Fouju 
725,95700,Roissy-en-France 
726,77710,Remauville 
727,78270,Lommoye 
728,78110,Le Vésinet 
729,77177,Brou-sur-Chantereine 
730,91530,Saint-Maurice-Montcouronne 
731,77930,Saint-Germain-sur-École 
732,78310,Coignières 
733,91680,Courson-Monteloup 
734,95580,Margency 
735,77470,Villemareuil 
736,95340,Ronquerolles 
737,77390,Ozouer-le-Voulgis 
738,77170,Coubert 
739,77470,Saint-Fiacre 
740,91400,Gometz-la-Ville 
741,93430,Villetaneuse 
742,91540,Ormoy 
743,91730,Chamarande 
744,95270,Saint-Martin-du-Tertre 
745,77470,Fublaines 
746,78730,Rochefort-en-Yvelines 
747,78660,Saint-Martin-de-Bréthencourt 
748,78117,Toussus-le-Noble 
749,77126,Courcelles-en-Bassée 
750,78960,Voisins-le-Bretonneux 
751,78940,La Queue-les-Yvelines 
752,77167,Bagneaux-sur-Loing 
753,77167,Poligny 
754,77550,Réau 
755,77320,Chartronges 
756,95580,Andilly 
757,77510,Bellot 
758,77940,Blennes 
759,77950,Rubelles 
760,77690,La Genevraye 
761,77,LA ROCHETTE 
762,91740,Chalou-Moulineux 
763,95770,Saint-Clair-sur-Epte 
764,77880,Grez-sur-Loing 
765,91410,Les Granges-le-Roi 
766,91690,Saclas 
767,77570,Aufferville 
768,91590,Guigneville-sur-Essonne 
769,77115,Blandy 
770,77370,Fontenailles 
771,77000,Livry-sur-Seine 
772,78580,Jumeauville 
773,77760,Achères-la-Forêt 
774,78410,Bouafle 
775,77390,Courtomer 
776,95740,Frépillon 
777,77390,Courquetaine 
778,91690,Boissy-la-Rivière 
779,93350,Le Bourget 
780,77280,Othis 
781,91690,Saint-Cyr-la-Rivière 
782,77560,Augers-en-Brie 
783,91250,Tigery 
784,77160,Saint-Brice 
785,78640,Villiers-Saint-Fréderic 
786,78124,Mareil-sur-Mauldre 
787,95450,Ableiges 
788,77111,Soignolles-en-Brie 
789,77910,Chambry 
790,77133,Machault 
791,77410,Précy-sur-Marne 
792,78910,Tacoignières 
793,77940,La Brosse-Montceaux 
794,77720,Saint-Méry 
795,78270,Gommecourt 
796,78490,Grosrouvre 
797,77130,Varennes-sur-Seine 
798,78830,Bonnelles 
799,78910,Civry-la-Forêt 
800,78930,Boinville-en-Mantois 
801,78,Versailles 
802,77171,Sourdun 
803,78730,Ponthévrard 
804,77830,Valence-en-Brie 
805,77950,Montereau-sur-le-Jard 
806,93410,Vaujours 
807,78870,Bailly 
808,77950,Maincy 
809,91640,Fontenay-lès-Briis 
810,77160,Chalautre-la-Petite 
811,77310,Pringy 
812,95270,Chaumontel 
813,95220,Pierrelaye 
814,77115,Sivry-Courtry 
815,91150,Brouy 
816,91470,Limours 
817,78930,Auffreville-Brasseuil 
818,77600,Bussy-Saint-Martin 
819,95570,Attainville 
820,95570,Villaines-sous-Bois 
821,78910,Orvilliers 
822,77710,Saint-Ange-le-Viel 
823,91510,Janville-sur-Juine 
824,77139,Marcilly 
825,91720,Boigneville 
826,95640,Haravilliers 
827,77730,Citry 
828,78600,Le Mesnil-le-Roi 
829,77910,Barcy 
830,91610,Ballancourt-sur-Essonne 
831,77720,Champeaux 
832,77520,Montigny-Lencoup 
833,78790,Montchauvet 
834,78930,Vert 
835,77090,Collégien 
836,77150,Férolles-Attilly 
837,91890,Videlles 
838,91740,Pussay 
839,77320,Jouy-sur-Morin 
840,91770,Saint-Vrain 
841,78250,Mézy-sur-Seine 
842,78440,Issou 
843,78930,Breuil-Bois-Robert 
844,95450,Sagy 
845,77450,Trilbardou 
846,78910,Flexanville 
847,78640,Saint-Germain-de-la-Grange 
848,78125,Mittainville 
849,91640,Briis-sous-Forges 
850,77600,Conches-sur-Gondoire 
851,77630,Arbonne-la-Forêt 
852,77720,Bombon 
853,91790,Boissy-sous-Saint-Yon 
854,91470,Pecqueuse 
855,77480,Jaulnes 
856,78113,Adainville 
857,91150,La Forêt-Sainte-Croix 
858,78770,Marcq 
859,77169,Saint-Siméon 
860,78520,Saint-Martin-la-Garenne 
861,93,le bourget 
862,91620,Nozay 
863,78270,La Villeneuve-en-Chevrie 
864,77171,Chalautre-la-Grande 
865,91150,Brières-les-Scellés 
866,91550,Paray-Vieille-Poste 
867,77950,Moisenay 
868,78125,La Boissière-École 
869,77167,Faÿ-lès-Nemours 
870,91810,Vert-le-Grand 
871,91570,Bièvres 
872,77470,Montceaux-lès-Meaux 
873,91580,Auvers-Saint-Georges 
874,78770,Villiers-le-Mahieu 
875,77390,Verneuil-l'Étang 
876,95000,Neuville-sur-Oise 
877,77720,La Chapelle-Gauthier 
878,77730,Saâcy-sur-Marne 
879,95840,Villiers-Adam 
880,77580,Villiers-sur-Morin 
881,77440,Dhuisy 
882,77760,Amponville 
883,95450,Commeny 
884,78440,Brueil-en-Vexin 
885,77151,Montceaux-lès-Provins 
886,78690,Saint-Rémy-l'Honoré 
887,77750,Orly-sur-Morin 
888,77260,Chamigny 
889,78125,Hermeray 
890,77540,Bernay-Vilbert 
891,78125,Saint-Hilarion 
892,78490,Le Tremblay-sur-Mauldre 
893,95450,Vigny 
894,95300,Livilliers 
895,91690,Fontaine-la-Rivière 
896,77120,Mauperthuis 
897,91490,Moigny-sur-École 
898,78410,La Falaise 
899,91430,Gommonvillier 
900,77130,Ville-Saint-Jacques 
901,91410,Saint-Cyr-sous-Dourdan 
902,91690,Guillerval 
903,78200,Buchelay 
904,78840,Moisson 
905,77114,Noyen-sur-Seine 
906,77480,Mouy-sur-Seine 
907,94250,Gentilly 
908,77139,Douy-la-Ramée 
909,78740,Évecquemont 
910,77610,La Houssaye-en-Brie 
911,91750,Chevannes 
912,95650,Puiseux-Pontoise 
913,77760,La Chapelle-la-Reine 
914,77131,Pézarches 
915,91540,Fontenay-le-Vicomte 
916,78610,Auffargis 
917,77390,Yèbles 
918,91590,Baulne 
919,77720,Grandpuits-Bailly-Carrois 
920,91680,Bruyères-le-Châtel 
921,77130,Misy-sur-Yonne 
922,91150,Abbéville-la-Rivière 
923,77480,Mousseaux-lès-Bray 
924,77118,Balloy 
925,77870,Vulaines-sur-Seine 
926,91580,Villeneuve-sur-Auvers 
927,91150,Puiselet-le-Marais 
928,77710,Villemaréchal 
929,91640,Vaugrigneuse 
930,77940,Esmans 
931,95450,Seraincourt 
932,77250,Épisy 
933,95450,Longuesse 
934,93,l ile st denis 
935,77760,Rumont 
936,91820,Vayres-sur-Essonne 
937,95770,Montreuil-sur-Epte 
938,78113,Bourdonné 
939,77560,Courtacon 
940,77510,Doue 
941,77940,Flagy 
942,77580,Voulangis 
943,78980,Saint-Illiers-la-Ville 
944,95640,Bréançon 
945,91780,Saint-Hilaire 
946,77940,Noisy-Rudignon 
947,75,paris 
948,93460,Gournay-sur-Marne 
949,95420,Saint-Gervais 
950,77178,Oissery 
951,77540,Nesles La Gilberde 
952,77760,Ury 
953,77720,Saint-Ouen-en-Brie 
954,95510,Aincourt 
955,95830,Frémécourt 
956,77230,Thieux 
957,95270,Asnières-sur-Oise 
958,77890,Obsonville 
959,78113,La Hauteville 
960,78125,Gazeran 
961,77760,Buthiers 
962,77760,Fromont 
963,77940,Diant 
964,77114,Gouaix 
965,95,goussainville 
966,77520,Cessoy-en-Montois 
967,95450,Us 
968,95420,Nucourt 
969,91580,Villeconin 
970,78750,Mareil-Marly 
971,78270,Rolleboise 
972,77390,Crisenoy 
973,94,maisons alfort 
